<?xml version="1.0" encoding="UTF-8"?>
<beans xmlns="http://www.springframework.org/schema/beans"
	xmlns:xsi="http://www.w3.org/2001/XMLSchema-instance"
	xmlns:security="http://www.springframework.org/schema/security"
	xsi:schemaLocation="http://www.springframework.org/schema/security http://www.springframework.org/schema/security/spring-security.xsd
		http://www.springframework.org/schema/beans http://www.springframework.org/schema/beans/spring-beans.xsd">

	<!-- <bean id="customPasswordEncoder" class="org.zerock.security.CustomNoOpPasswordEncoder"></bean> -->

	<bean id="bcryptPasswordEncoder"
		class="org.springframework.security.crypto.bcrypt.BCryptPasswordEncoder" />

	<bean id="customUserDetailsService"
		class="org.gocamping.security.CustomUserDetailsService"></bean>

	<security:http>

		<!-- <security:intercept-url pattern="/sample/all" access="permitAll" /> 
			<security:intercept-url pattern="/sample/member" access="hasRole('ROLE_MEMBER')" 
			/> <security:intercept-url pattern="/sample/admin" access="hasRole('ROLE_ADMIN')" 
			/> -->

		<!-- <security:form-login /> -->
		<security:form-login login-page="/member/login" 
		authentication-failure-handler-ref="loginFailureHandler"
		default-target-url="/camp/main"/>



		<security:access-denied-handler
			error-page="/member/accessError" />

		<security:logout logout-url="/member/logout"
			invalidate-session="true" delete-cookies="remember-me,JSESSION_ID" 
			
			/>
			
		<security:remember-me data-source-ref="dataSource" token-validity-seconds="604800" />
		
	</security:http>
	<bean id="loginFailureHandler"
		class="org.gocamping.security.LoginFailureHandler">
		<property name="username" value="username" />
		<property name="password" value="password" />
		<property name="errormsg" value="ERRORMSG" />
		<property name="defaultFailureUrl"
			value="/member/login?error" />
	</bean>
	<security:authentication-manager>

		<security:authentication-provider
			user-service-ref="customUserDetailsService">
			<!-- <security:user-service> <security:user name="member" password="{noop}member" 
				authorities="ROLE_MEMBER"/> <security:user name="admin" password="{noop}admin" 
				authorities="ROLE_MEMBER, ROLE_ADMIN"/> </security:user-service> -->


			<!-- <security:jdbc-user-service data-source-ref="dataSource" /> -->
			<!-- <security:jdbc-user-service data-source-ref="dataSource" users-by-username-query="select 
				userid, userpw, enabled from tbl_member where userid = ? " authorities-by-username-query="select 
				userid, auth from tbl_member_auth where userid = ?" /> -->

			<security:password-encoder
				ref="bcryptPasswordEncoder" />

		</security:authentication-provider>

	</security:authentication-manager>



</beans>
